<?xml version="1.0" encoding="UTF-8"?>
<Export generator="Cache" version="25" zv="Cache for Windows (x86-64) 2016.1.2 (Build 206)" ts="2016-10-21 14:11:14">
<Class name="User.TestMain">
<Description>
</Description>
<Final>0</Final>
<Abstract>0</Abstract>
<ClassType>serial</ClassType>
<ClientDataType>VARCHAR</ClientDataType>
<CompileAfter/>
<DdlAllowed>0</DdlAllowed>
<Hidden>0</Hidden>
<Import/>
<IncludeCode/>
<IncludeGenerator/>
<Language>cache</Language>
<NoContext>0</NoContext>
<OdbcType>VARCHAR</OdbcType>
<Owner/>
<ProcedureBlock>0</ProcedureBlock>
<PropertyClass/>
<SqlCategory>STRING</SqlCategory>
<SqlRowIdName/>
<SqlRowIdPrivate>0</SqlRowIdPrivate>
<SqlTableName/>
<StorageStrategy/>
<Super>%Library.TMFormClass</Super>
<System>0</System>
<TimeChanged>64212,50671.597553</TimeChanged>
<TimeCreated>64212,50670.681929</TimeCreated>
<ViewQuery/>
<ClassDefinitionError>0</ClassDefinitionError>
<SoapBindingStyle>document</SoapBindingStyle>
<SoapBodyUse>literal</SoapBodyUse>

<Property name="Button1">
<Type>%TMButton</Type>
</Property>

<Property name="Form">
<Type>%Library.TMForm</Type>
</Property>

<Method name="%OnNew">
<FormalSpec>initvalue:%String</FormalSpec>
<Language>cache</Language>
<ProcedureBlock>0</ProcedureBlock>
<ReturnType>%Status</ReturnType>
<SoapBindingStyle>document</SoapBindingStyle>
<SoapBodyUse>literal</SoapBodyUse>
<ServerOnly>0</ServerOnly>
<Implementation><![CDATA[
 n result
 i initvalue="" q $$$OK
 s %SMWOrefs(+##this)=##this
 d ##this.Initialization(initvalue)
 s result=##this.OnCreate(initvalue)
 i result'=$$$OK d ##this.Form.%Close() k %SMWOrefs(+##this) q $$$OK
 e  d ##this.Form.SetContainer(+##this) q $$$OK
]]></Implementation>
</Method>

<Method name="Button1Click">
<FormalSpec>Args:%String</FormalSpec>
<Language>cache</Language>
<ProcedureBlock>0</ProcedureBlock>
<SoapBindingStyle>document</SoapBindingStyle>
<SoapBodyUse>literal</SoapBodyUse>
<ServerOnly>0</ServerOnly>
<Implementation><![CDATA[
 ; Args format: $lb(Sender)
 n Sender
 s Sender=##class(%TMPersistent).GetObjOref($lg(Args,1))
 ;Beginning of user code
    DO MApplication.MessageBox("я живой")
 ;End of user code
 s Args=$lb(Sender)
 q

]]></Implementation>
</Method>

<Method name="DesignDefinition">
<Language>cache</Language>
<ProcedureBlock>0</ProcedureBlock>
<SoapBindingStyle>document</SoapBindingStyle>
<SoapBodyUse>literal</SoapBodyUse>
<ServerOnly>0</ServerOnly>
<Implementation><![CDATA[
 ;object DesignForm: TDesignForm
 ;  Left = 164
 ;  Top = 54
 ;  Width = 300
 ;  Height = 123
 ;  Caption = 'DesignForm'
 ;  Color = clBtnFace
 ;  Font.Charset = DEFAULT_CHARSET
 ;  Font.Color = clWindowText
 ;  Font.Height = -14
 ;  Font.Name = 'MS Sans Serif'
 ;  Font.Style = []
 ;  OldCreateOrder = False
 ;  PixelsPerInch = 120
 ;  TextHeight = 16
 ;  object Button1: CButton
 ;    Left = 76
 ;    Top = 27
 ;    Width = 131
 ;    Height = 25
 ;    Caption = 'Hello world'
 ;    TabOrder = 0
 ;    OnClick = Button1Click
 ;  end
 ;end

]]></Implementation>
</Method>

<Method name="Destroy">
<Language>cache</Language>
<ProcedureBlock>0</ProcedureBlock>
<SoapBindingStyle>document</SoapBindingStyle>
<SoapBodyUse>literal</SoapBodyUse>
<ServerOnly>0</ServerOnly>
<Implementation><![CDATA[
 d ##this.Button1.%Close()
 d ##this.Form.%Close()
 k %SMWOrefs(+##this)
 q

]]></Implementation>
</Method>

<Method name="Initialization">
<FormalSpec>initvalue:%String</FormalSpec>
<Language>cache</Language>
<ProcedureBlock>0</ProcedureBlock>
<PublicList>MApplication</PublicList>
<SoapBindingStyle>document</SoapBindingStyle>
<SoapBodyUse>literal</SoapBodyUse>
<ServerOnly>0</ServerOnly>
<Implementation><![CDATA[
 s MApplication.ClientState="Loading"
 s ##this.Form=##class(%Library.TMForm).%New(initvalue)
 s ##this.Button1=##class(%TMButton).%New($lb(##this.Form.Address,0))
 s MApplication.ClientState="NoWait"
 d ##this.Form.SetMultiProperty($lb("Left","Top","Width","Height","Caption","Color","OldCreateOrder","PixelsPerInch"),$lb(164,54,300,123,"DesignForm",$$$clBtnFace,"False",120))
 d ##this.Form.Font.SetMultiProperty($lb("Charset","Color","Height","Name","Style"),$lb($$$DEFAULTCHARSET,$$$clWindowText,-14,"MS Sans Serif",$lb()))
 d ##this.Button1.SetMultiProperty($lb("Left","Top","Width","Height","Caption","TabOrder","OnClick"),$lb(76,27,131,25,"Hello world",0,$lb(##this,"Button1Click")))
 s MApplication.ClientState="Wait"
 q

]]></Implementation>
</Method>

<Method name="OnCreate">
<FormalSpec>initvalue:%String</FormalSpec>
<Language>cache</Language>
<ProcedureBlock>0</ProcedureBlock>
<ReturnType>%Status</ReturnType>
<SoapBindingStyle>document</SoapBindingStyle>
<SoapBodyUse>literal</SoapBodyUse>
<ServerOnly>0</ServerOnly>
<Implementation><![CDATA[
 q $$$OK

]]></Implementation>
</Method>

<Storage name="Default">
<Type>%Library.CacheSerialState</Type>
<Data name="TMFormClassState">
<Subscript>"%Library.TMFormClass"</Subscript>
<Value name="1">
<Value>Address</Value>
</Value>
<Value name="2">
<Value>Form</Value>
</Value>
<Value name="3">
<Value>Resources</Value>
</Value>
<Value name="4">
<Value>SMWrapDesignVersion</Value>
</Value>
<Value name="5">
<Value>Button1</Value>
</Value>
</Data>
</Storage>
</Class>
</Export>
